<!--
  ~ Doms build framework version 1.0.4
  ~
  ~ $Id: build-dependencies.xml 213 2010-02-05 10:07:18Z blekinge $
  ~ $Revision: 213 $
  ~ $Date: 2010-02-05 11:07:18 +0100 (Fri, 05 Feb 2010) $
  ~ $Author: blekinge $
  ~
  ~ The DOMS project.
  ~ Copyright (C) 2007-2010  The State and University Library
  ~
  ~ Licensed to the Apache Software Foundation (ASF) under one
  ~ or more contributor license agreements.  See the NOTICE file
  ~ distributed with this work for additional information
  ~ regarding copyright ownership.  The ASF licenses this file
  ~ to you under the Apache License, Version 2.0 (the
  ~ "License"); you may not use this file except in compliance
  ~ with the License.  You may obtain a copy of the License at
  ~
  ~ http://www.apache.org/licenses/LICENSE-2.0
  ~
  ~ Unless required by applicable law or agreed to in writing,
  ~ software distributed under the License is distributed on an
  ~ "AS IS" BASIS, WITHOUT WARRANTIES OR CONDITIONS OF ANY
  ~ KIND, either express or implied.  See the License for the
  ~ specific language governing permissions and limitations
  ~ under the License.
  -->

<!-- Global- and module specific libs -->
<project name="dependencies">
    <!--Part of doms build framework version 1.0.4-->


    <property name="global.dir" value="${basedir}"/>

    <dirname property="dependencies.basedir" file="${ant.file.dependencies}"/>

    <property file="${dependencies.basedir}/build-framework.properties"/>
    
    <fileset id="module.libs" dir="${basedir}/lib">
        <include name="**/jars/*.jar"/>
    </fileset>

    <fileset id="project.libs" dir="${global.dir}/lib">
        <exclude name="**"/>
    </fileset>


    <dirset id="module.dependencies" dir="${global.dir}/modules">
        <exclude name="**"/>
    </dirset>


    <fileset id="build.project.libs" dir="${global.dir}/lib">
        <exclude name="**"/>
    </fileset>


    <path id="rhino.classpath">
        <fileset dir="${dependencies.basedir}/${rhino.folder}">
            <include name="*.jar"/>
        </fileset>
    </path>

    <target name="depends" depends="_predepends">
        <script language="javascript" classpathref="rhino.classpath"
                src="${dependencies.basedir}/dependsforloop.js"/>
        <antcall target="_postdepends"/>


    </target>

    <target name="_postdepends"/>
    <target name="_predepends"/>


</project>