<!--
  ~ Doms build framework version 1.0.4
  ~
  ~ $Id: build-soap-webservice-interface.xml 213 2010-02-05 10:07:18Z blekinge $
  ~ $Revision: 213 $
  ~ $Date: 2010-02-05 11:07:18 +0100 (Fri, 05 Feb 2010) $
  ~ $Author: blekinge $
  ~
  ~ The DOMS project.
  ~ Copyright (C) 2007-2010  The State and University Library
  ~
  ~ Licensed to the Apache Software Foundation (ASF) under one
  ~ or more contributor license agreements.  See the NOTICE file
  ~ distributed with this work for additional information
  ~ regarding copyright ownership.  The ASF licenses this file
  ~ to you under the Apache License, Version 2.0 (the
  ~ "License"); you may not use this file except in compliance
  ~ with the License.  You may obtain a copy of the License at
  ~
  ~ http://www.apache.org/licenses/LICENSE-2.0
  ~
  ~ Unless required by applicable law or agreed to in writing,
  ~ software distributed under the License is distributed on an
  ~ "AS IS" BASIS, WITHOUT WARRANTIES OR CONDITIONS OF ANY
  ~ KIND, either express or implied.  See the License for the
  ~ specific language governing permissions and limitations
  ~ under the License.
  -->

<project name="soap-webservice-interface">
        <!--Part of doms build framework version 1.0.4-->

    <import file="build-common.xml"/>

    <property name="wsdl.file" value="THIS_SHOULD_BE_OVERRIDDEN"/>
    <property name="wsdl.dir" value="THIS_SHOULD_BE_OVERRIDDEN"/>
    <property name="wsdl.package" value="THIS_SHOULD_BE_OVERRIDDEN"/>

    <import file="build-soap-webservice.xml"/>

    <taskdef name="wsimport" classname="com.sun.tools.ws.ant.WsImport">
        <classpath refid="build.classpath"/>
    </taskdef>


    <target name="_preinit" depends="interface.changed">
        <mkdir dir="classes"/>
        <mkdir dir="tempsrc"/>

    </target>

    <target name="_postclean">
        <delete dir="tempsrc"/>
    </target>

    <target name="interface.forceRebuild">
        <!--TODO so that new revisions are not created-->
        <touch file="${wsdl.file}"/>
        <antcall target="dist"/>
    </target>

    <target name="interface.changed">
        <uptodate property="interfaceNotChanged">

            <srcfiles dir="${wsdl.dir}">
                <include name="**/*"/>
            </srcfiles>

            <compositemapper>
                <mergemapper
                        to="${basedir}/dist/${jarfile}"/>
                <mergemapper
                        to="${basedir}/dist/${srcpack.zip}"/>
            </compositemapper>
        </uptodate>
    </target>

    <target name="_precompile">
        <antcall target="interface.generate"/>
    </target>

    <target name="interface.generate" depends="init"
            unless="interfaceNotChanged">
        <mkdir dir="tempsrc"/>
        <!--
            <property name="classpath" refid="build.classpath"/>
            <echo message="${classpath}"/>
        -->
        <wsimport

                verbose="true"
                debug="true"
                sourcedestdir="tempsrc"

                package="${wsdl.package}"
                wsdl="${wsdl.file}"
                xnocompile="true"

                >
        </wsimport>
        <antcall target="interface.generalSuperException"/>
    </target>

    <target name="interface.generalSuperException"
            if="generalSuperExceptionName"
            unless="interfaceNotChanged">
        <replace dir="tempsrc" token="extends Exception"
                 value="extends ${generalSuperExceptionName}">
            <include name="**/*.java"/>
        </replace>
        <replaceregexp
                flags="mg"
                match="(^\s*throws\s*.*)\n\s*;"
                replace="\1, ${generalSuperExceptionName};">
            <fileset dir="tempsrc">
                <include name="**/*.java"/>
            </fileset>
        </replaceregexp>
    </target>


</project>